"City","Continent","Class","Skewness","Dip_Statistic","Mean_Height"
"Aalborg","EUROPE","Pyramid",2.27438831695716,0.282151279224322,1.10945946656056
"Aarhus","EUROPE","Pyramid",2.32997568390217,0.0720026681209472,1.16669302620491
